category,name,contact_email,phone,address,source,notes
association,Association of Family Offices in Asia (AFO),afo@familyoffices-asia.org,,145 Connaught Road 10/F Dawning House Central HK,linkedin/website,~30 members; also evalaw@familyoffices-asia.org
association,Family Office Association Hong Kong (FOAHK),info@foahk.org,foahk.org,Largest FO professional community in Asia,,
gov,InvestHK Family Office Unit,,familyofficehk.gov.hk,HK$100M funded unit; 200+ new ops facilitated,government,Free gov gateway to FO network
fo,Raffles Family Office,info@rafflesfo.com,+852-3108-8700,"299QRC, 8/F, 287-299 Queen's Road Central, Sheung Wan",swfinstitute.org,32 contacts listed; MFO $2B AUM; CEO Kwan Chi Man
fo,VMS Group,,Central HK,,northdakotassa.com/dakota,MFO $4.3B; Cheng family (Chow Tai Fook) backed; 25+ family groups
fo,Nan Fung Trinity,,24/F Nan Fung Tower 88 Connaught Road Central,,allfamilyoffices.com,SFO; 40-person investment team
fo,Blue Pool Capital,,Hong Kong,,praxisrock.com,SFO $50B+; Joseph Tsai / Alibaba execs; CEO Oliver Weisberg
fo,Gaw Capital Partners,,Hong Kong,,praxisrock.com,SFO $8B+; Goodwin Gaw
fo,Junson Capital,,Hong Kong,,praxisrock.com,SFO $4-5B
fo,Carret Private (Kenneth Ho),,Hong Kong,,praxisrock.com,MFO; affiliate of Carret Asset Mgmt NY
fo,Blackhorn,,Hong Kong,,dakota.com,MFO/EAM $1B; ~200 families; SFC Type 4 & 9
fo,Fargo,,Tsim Sha Shui (Fargo Space),,praxisrock.com,Digital-first MFO; next-gen Chinese entrepreneurs
fo,Wisdom Family Office,,Hong Kong,,praxisrock.com,SFO $7B+
fo,Youxfort Family Office,,710 East Ocean Centre 98 Granville Road TST East,,dakota.com,MFO
fo,Fountainhead Partners (Harry Pang),,Hong Kong,,foahk.org,MFO; ex-UBS/ Morgan Stanley
fo,Topaz Family Office Services (Jim Kwok),,Hong Kong,,foahk.org,Under Topaz Financial Group
fo,Wisdom Asset Management (Grant Ko),,Hong Kong,,foahk.org,MFO
fo,ALPS Capital,,Hong Kong,,praxisrock.com,MFO
fo,Capital Global Management,,Hong Kong,,praxisrock.com,MFO
fo,Deyu Family Office (Wei Xiaoxiang),,Hong Kong,,familyoffices-asia.com,AFO member; ex-Citi/HSBC/Ping An
fo,NexGenerator (Angel Chia),,Hong Kong,,foahk.org,FO accelerator; AFO Chair
social_ig,龔成,kungshing80@ (DM),,Instagram @kungshing80 38.8K,instagram,Finance author / wealth education
social_ig,GO FIRE 財務自由,gofire.today@ (DM),,Instagram @gofire.today 24.8K,instagram,FIRE / investing
social_ig,貼地保險叔叔,insurance__memes@ (DM),,Instagram @insurance__memes 9.2K,instagram,Insurance agent community
social_ig,NextChange 企業保險專家,nextchange8@ (DM),,Instagram @nextchange8,instagram,Corporate insurance
social_ig,ibankcoaching,ibankcoaching@ (DM),,Instagram @ibankcoaching 10.6K,instagram,Private banking / IB careers
social_ig,信報財經 hkej1973,hkej1973@ (DM),,Instagram @hkej1973 41K,instagram,Media
social_ig,樓市日常,propertydailyhk@ (DM),,Instagram @propertydailyhk 10K,instagram,Property
social_ig,AIA 香港,aiahongkongmacau@ (DM),,Instagram @aiahongkongmacau 32.9K,instagram,Insurer
social_ig,AXA 安盛,axahongkong@ (DM),,Instagram @axahongkong 11.9K,instagram,Insurer
social_ig,FWD 富衛,fwd_hk@ (DM),,Instagram @fwd_hk 21.5K,instagram,Insurer
school,Malvern College Hong Kong,admissions@malverncollege.org.hk,+852 3898 4688,3 Fo Chun Road Pak Shek Kok,web,Uplands international school
school,American School Hong Kong (ASHK),admissions@ashk.edu.hk,+852 3919 4111,6 Ma Chung Road Tai Po,web,American curriculum + IB
school,Nord Anglia International School HK,admissions@nais.hk,+852 3958 1428,11 On Tin St Lam Tin / 19 Yuet Wah St Kwun Tong,web,English National Curriculum + IB
school,Chinese International School,cis_info@cis.edu.hk,+852 2510 7288,1 Hau Yuen Path Braemar Hill,web,British/International
school,Canadian International School HK,admissions@cdnis.edu.hk,+852 2525 7088,36 Nam Long Shan Road Aberdeen,web,IB school
school,Hong Kong International School (HKIS),admissions@hkis.edu.hk,+852 2812 5000,1 Red Hill Road Tai Tam,web,Reception-Grade 12
school,Kellett School,admissions@kellettschool.com,+852 3120 0700,7 Lam Hing Street Kowloon Bay,web,British curriculum
school,Carmel School,admissions@carmel.edu.hk,+852 3665 5388,1 Robinson Road Mid-Levels,web,IB ages 1-17
school,Island School (ESF),school@online.island.edu.hk,+852 2524 7135,20 Borrett Road Mid-Levels,web,ESF
school,International College HK (HLY),,Hong Lok Yuen Tai Po,web,IB PYP,
school,Harrow International HK,,+852 2824 9099,38 Tsing Ying Road Tuen Mun,web,Boarding/day
school,Invictus School HK,+852 3852 7200,188 Tai Tam Road Chai Wan,web,Nursery-Year 13,
school,The ISF Academy,inquiry@isf.edu.hk,+852 2202 2000,1 Kwong Sin Wan Road Pok Fu Lam,web,IB
school,Li Po Chun UWC,office@lpcuwc.org.hk,+852 2640 0441,10 Lok Wo Sha Lane Sai Sha Road Sha Tin,web,UWC
school,HK Academy,,+852 2655 1111,33 Wai Man Road Sai Kung,web,
school,The Harbour School (THS),admissions@ths.edu.hk,+852 2816 5222,2/F Kennedy Town Centre 23 Belchers St,web,
school,Australian Int'l School (AISHK),,+852 2336 3812,125 Waterloo Road Kowloon Tong,web,
school,Kiangsu & Chekiang Int'l School,,+852 2570 4594,30 Ching Wah Street North Point,web,
edu,Aether Education,,Hong Kong,web,Elite tutoring + admissions (Ivy/Oxbridge),
edu,Aristle (Gifted),,Hong Kong,web,Gifted & talented education (GATE) - DIRECT fit for kidsmybook,
edu,CANA Elite,,Hong Kong,web,17 IB examiners,50 Oxbridge grads
edu,NTK Academic Group,,Hong Kong,web,Since 1996; IB/IGCSE/SAT prep,
edu,All Round Education,,Hong Kong,web,IB/IGCSE/A-level; 120+ tutors,
club,The Spin Club,membership@spinclubhk.com,+852 2628 0211,Hong Kong,web,Family membership $108k; junior athletes
club,Aberdeen Marina Club,,+852 2555 8321,8 Shum Wan Road Aberdeen,web,By invitation; Shangri-La managed
club,Hong Kong Football Club,,+852 2830 9500,3 Sports Road Happy Valley,web,Family brunch; sports
club,Hong Kong Jockey Club,,various,web,Full membership $850k; family facilities,
club,The American Club HK,,Hong Kong,web,Central + Tai Tam Country Club,
club,Clearwater Bay Golf & Country Club,,+852 2335 3700,139 Tai Au Mun Road Clearwater Bay,web,
club,The Country Club at Hong Lok Yuen,,+852 2657 8899,8 Town Centre Crescent Hong Lok Yuen,web,Family $47k
club,Ladies' Recreation Club (LRC),,Mid-Levels,web,Family-friendly; tennis/pool,
club,The China Club,,Central,web,By invitation; Sir David Tang,
club,Soho House,,Hong Kong,web,Creative members club,
club,Carlyle & Co.,,50/F Rosewood Hong Kong,web,Ultra-exclusive,
club,Foreign Correspondents' Club,,Central,web,Media/diplomat/professional,
club,Gold Coast Yacht & Country Club,,Hong Kong,web,,
club,Hong Kong Cricket Club,,Hong Kong,web,Sports for kids,
school,ESF (English Schools Foundation),info@esfcentre.edu.hk | kindergarten.admissions@esfcentre.edu.hk | primary.admissions@esfcentre.edu.hk | secondary.admissions@esfcentre.edu.hk,+852 2574 2351,"22 International Schools, HK",web: esf.edu.hk,"B2B: 22 intl schools, admissions referral/workshop"
school,German Swiss International School (GSIS),info@gsis.edu.hk,+852 2849 6216,Peak / Pok Fu Lam,web: gsis.edu.hk,B2B: top IB
school,American International School (AIS),admin@ais.edu.hk,+852 2336 3812,Kowloon Tong,web: ais.edu.hk,B2B
school,Australian International School HK (AISHK),info@aishk.edu.hk,+852 2304 6078,Kowloon Tong,web: aishk.edu.hk,B2B
school,Yew Chung International School (YCIS),admissions@ycef.com,+852 2338 7106,Kowloon Tong,web: ycis-hk.com,B2B
school,Chinese International School (CIS),cis-info@cis.edu.hk,+852 2510 7288,Braemar Hill,web: cis.edu.hk,B2B: top IB
school,Malvern College HK,info@malverncollege.org.hk,+852 3898 4688,Tai Po,web: malverncollege.org.hk,B2B
school,Hong Kong Academy (HKA),office@hkacademy.edu.hk,+852 2655 1111,Sai Kung,web: hkacademy.edu.hk,B2B: IB
school,American School HK (ASHK),admissions@ashk.edu.hk,+852 3919 4111,Tai Po,web: ashk.edu.hk,B2B: rolling admission
school,Shrewsbury International School HK,info@shrewsbury.edu.hk,+852 2480 1500,Tseung Kwan O,web: shrewsbury.edu.hk,B2B
school,Discovery Bay International School (DBIS),info@dbis.edu.hk,+852 2987 7331,Lantau,web: dbis.edu.hk,B2B
school,International Christian School (ICS),info@ics.edu.hk,+852 3156 1234,Sha Tin,web: ics.edu.hk,B2B
school,Nord Anglia International School HK (NAIS),info@nais.hk,+852 3951 8686,Kowloon Bay,web: nordangliaeducation.com,B2B: premium
school,Carmel School of HK,info@carmel.edu.hk,+852 3665 5388,Mid-Levels,web: carmel.edu.hk,B2B
school,Singapore International School HK,general@singapore.edu.hk,+852 2872 0266,Aberdeen,web,B2B
school,South Island School (SIS),sis@sis.edu.hk,+852 2555 9313,Aberdeen,web: sis.edu.hk,B2B: ESF
school,West Island School (WIS),admissions@wis.edu.hk,+852 2819 1962,Pok Fu Lam,web: wis.edu.hk,B2B: ESF
school,Kingston International School,enquiry@kingston.edu.hk,+852 2337 9031,Kowloon Tong,web: kingston.edu.hk,B2B
school,DSC International School,e.office@dsc.edu.hk,+852 3658 0400,Taikoo Shing,web: dsc.edu.hk,B2B
club,The Hong Kong Football Club,info@hkfc.com.hk,+852 2572 6161,Happy Valley,web: hkfc.com.hk,B2B: members kids
club,Chinese Club,info@chineseclub.hk,+852 2844 2888,Mid-Levels,web,B2B: elite members
edu,ITS Education Asia,info@itseducation.asia,+852 2116 3916,HK,web: itseducation.asia,B2B: tutoring
edu,HK Tutor Link,info@hktutorlink.hk,,HK,web: hktutorlink.hk,B2B: tutor network
